City,Country,Date,Temperature,Humidity,Wind Speed,Cloudiness,Latitude,Longitude
busselton,AU,1572727275,10.14,70,2.73,82,-33.64,115.35
rikitea,PF,1572727275,21.39,80,6.84,57,-23.12,-134.97
lorengau,PG,1572727275,26.68,75,1.02,100,-2.02,147.27
ligayan,PH,1572727275,28.53,71,2.47,99,4.65,119.47
bandarbeyla,SO,1572727275,27.9,72,2.0,41,9.49,50.81
ushuaia,AR,1572727276,10.0,61,9.8,75,-54.81,-68.31
maragogi,BR,1572727276,26.4,75,5.51,26,-9.01,-35.22
rio grande,BR,1572727276,22.58,94,2.6,90,-32.03,-52.1
naze,NG,1572727276,25.0,94,2.1,75,5.43,7.07
mar del plata,AR,1572727276,18.85,29,13.91,33,-46.43,-67.52
anqing,CN,1572727276,18.68,49,2.12,93,30.51,117.04
dikson,RU,1572727276,-18.41,83,0.45,64,73.51,80.55
yerbogachen,RU,1572727276,-3.83,86,6.32,94,61.28,108.01
avarua,CK,1572727276,26.0,65,7.7,100,-21.21,-159.78
sao joao da barra,BR,1572727276,25.96,65,7.7,40,-21.64,-41.05
balabac,PH,1572727277,26.33,81,3.98,100,7.99,117.06
qaanaaq,GL,1572727277,-10.3,58,3.79,100,77.48,-69.36
homer,US,1572727277,4.2,93,0.39,90,59.64,-151.54
port elizabeth,US,1572727277,12.13,46,2.56,1,39.31,-74.98
dabhol,IN,1572727277,26.43,84,4.63,3,17.6,73.17
hilo,US,1572727277,26.71,58,5.25,1,19.71,-155.08
ponta do sol,BR,1572727277,22.34,82,1.72,37,-20.63,-46.0
smoky lake,CA,1572727277,6.67,85,2.24,100,54.11,-112.47
new norfolk,AU,1572727277,10.36,81,3.1,20,-42.78,147.06
belmonte,PT,1572727277,13.93,78,4.85,100,40.36,-7.35
calama,CL,1572727277,23.94,13,11.3,38,-22.46,-68.93
talnakh,RU,1572727277,-21.4,98,3.07,100,69.49,88.39
waipawa,NZ,1572727278,19.44,65,0.45,0,-39.94,176.59
pierre,US,1572727034,11.5,29,4.1,1,44.37,-100.35
kiruna,SE,1572727264,-14.0,77,3.6,0,67.86,20.23
la rioja,AR,1572727278,20.43,38,3.85,14,-29.41,-66.86
kodiak,US,1572727278,10.48,37,6.2,40,39.95,-94.76
albany,US,1572727278,8.25,43,3.6,20,42.65,-73.75
punta arenas,CL,1572727278,11.82,54,15.4,100,-53.16,-70.91
barrow,AR,1572727278,15.39,60,5.41,0,-38.31,-60.23
cape town,ZA,1572727278,17.81,82,4.6,40,-33.93,18.42
hermanus,ZA,1572727278,17.16,83,3.58,100,-34.42,19.24
srikakulam,IN,1572727278,22.53,91,1.44,19,18.29,83.89
wamba,CD,1572727278,19.15,97,0.86,96,2.14,27.99
kaitangata,NZ,1572727278,24.44,21,7.6,0,-46.28,169.85
provideniya,RU,1572727279,-8.07,90,0.73,0,64.42,-173.23
khatanga,RU,1572727279,-21.47,92,3.73,100,71.98,102.47
carnarvon,ZA,1572727279,17.67,23,5.72,0,-30.97,22.13
vaini,IN,1572727279,18.41,90,0.64,0,15.34,74.49
la ronge,CA,1572727279,1.0,74,2.1,90,55.1,-105.3
nioro,GM,1572727279,31.6,41,4.17,91,13.79,-15.05
butaritari,KI,1572727279,28.6,77,6.35,2,3.07,172.79
san andres,PH,1572727279,24.35,91,0.56,100,13.32,122.68
port hedland,AU,1572727279,18.0,52,3.6,10,-20.31,118.58
neiafu,TO,1572727279,23.0,69,3.1,75,-18.65,-173.98
noumea,NC,1572727173,22.9,68,1.5,40,-22.28,166.46
kapaa,US,1572727034,28.11,69,5.7,20,22.08,-159.32
sorland,NO,1572727280,4.58,67,9.71,100,67.67,12.69
kuching,MY,1572727280,23.93,94,1.0,75,1.56,110.34
jasper,US,1572727280,14.89,33,2.6,1,33.83,-87.28
souillac,FR,1572727280,12.59,93,7.7,100,45.6,-0.6
tasiilaq,GL,1572727280,-3.08,59,2.41,100,65.61,-37.64
hobart,AU,1572727246,10.35,81,3.1,20,-42.88,147.33
djibo,BF,1572727280,31.77,12,4.03,0,14.1,-1.63
east london,ZA,1572727280,19.5,59,5.51,16,-33.02,27.91
shingu,JP,1572727280,17.57,74,2.33,33,33.72,135.99
cayenne,GF,1572727280,28.0,78,0.5,19,4.94,-52.33
bethel,US,1572727280,-5.24,79,7.2,1,60.79,-161.76
bredasdorp,ZA,1572727280,17.06,67,8.2,79,-34.53,20.04
ulladulla,AU,1572727280,17.97,82,0.5,40,-35.36,150.48
rio gallegos,AR,1572727223,17.0,27,10.3,100,-51.62,-69.22
tefe,BR,1572727159,25.0,94,2.6,75,-3.35,-64.71
letlhakane,BW,1572727281,21.87,67,2.87,85,-21.42,25.59
barra patuca,HN,1572727281,28.39,71,5.13,27,15.8,-84.28
oliver,CA,1572727281,8.33,42,4.6,90,49.18,-119.55
severo-kurilsk,RU,1572727281,0.7,87,4.15,92,50.68,156.12
henties bay,NA,1572727281,22.21,39,0.4,0,-22.12,14.28
atuona,PF,1572727281,26.67,72,6.42,98,-9.8,-139.03
cherskiy,RU,1572727281,-11.42,85,4.54,3,68.75,161.3
klaksvik,FO,1572727281,6.0,70,10.3,100,62.23,-6.59
charlestown,US,1572727281,9.39,57,2.6,20,41.38,-71.64
mataura,NZ,1572727281,18.3,56,4.25,0,-46.19,168.86
omboue,GA,1572727281,23.64,96,1.25,97,-1.57,9.26
sisimiut,GL,1572727281,-6.44,62,2.02,61,66.94,-53.67
tuktoyaktuk,CA,1572727281,-4.0,92,1.0,75,69.44,-133.03
pacific grove,US,1572727103,24.32,15,4.1,1,36.62,-121.92
ahipara,NZ,1572727282,19.44,90,0.45,100,-35.17,173.16
husavik,CA,1572727282,1.67,78,2.24,68,50.56,-96.99
nome,US,1572727282,18.02,39,3.1,1,30.04,-94.42
vardo,US,1572727282,10.75,43,2.1,1,39.62,-77.74
pevek,RU,1572727282,-11.74,82,2.64,68,69.7,170.27
georgetown,GY,1572727282,24.28,100,3.1,20,6.8,-58.16
izumo,JP,1572727282,12.0,87,1.0,75,35.37,132.75
marzuq,YE,1572727282,20.44,44,0.88,99,14.4,46.47
emerald,AU,1572727282,20.31,88,3.6,52,-23.53,148.16
mantua,IT,1572727282,10.25,93,1.5,75,45.16,10.79
kaiu,EE,1572727282,2.32,93,3.6,90,59.01,25.06
lompoc,US,1572727282,26.33,10,4.1,1,34.64,-120.46
kiunga,PG,1572727282,21.8,97,0.35,63,-6.12,141.3
castro,CL,1572727282,13.0,62,5.1,75,-42.48,-73.76
coihaique,CL,1572727283,10.89,54,2.6,75,-45.58,-72.07
san patricio,PY,1572727283,35.87,41,0.93,0,-26.98,-56.83
iqaluit,CA,1572727283,-2.13,79,2.86,90,63.75,-68.52
rabo de peixe,PT,1572727283,18.0,72,2.6,20,37.8,-25.58
saint-philippe,CA,1572727283,6.29,60,3.1,90,45.36,-73.48
asasa,ET,1572727283,7.72,80,1.66,0,7.1,39.2
bluff,AU,1572727283,21.09,83,6.15,67,-23.58,149.07
aripuana,BR,1572727283,22.72,97,2.27,100,-9.17,-60.63
bonfim,BR,1572727283,19.86,91,2.4,3,-20.33,-44.24
nicoya,CR,1572727283,25.74,66,5.7,75,10.15,-85.45
tavda,RU,1572727283,-4.88,93,3.46,100,58.04,65.27
torbay,CA,1572727283,6.74,65,3.6,40,47.66,-52.73
hamilton,CA,1572727225,5.81,86,3.6,75,43.26,-79.87
geraldton,CA,1572727284,0.0,80,4.1,90,49.72,-86.95
ostrovnoy,RU,1572727284,-5.54,86,11.45,100,68.05,39.51
myaundzha,RU,1572727284,-12.13,82,1.75,91,63.05,147.18
naantali,FI,1572727284,4.3,93,1.5,90,60.45,22.03
flin flon,CA,1572727284,1.0,59,4.1,90,54.77,-101.88
vila velha,BR,1572727284,27.28,69,5.7,40,-3.71,-38.6
morondava,MG,1572727284,23.25,46,0.07,20,-20.3,44.28
lebu,ET,1572727284,16.0,48,3.1,20,8.96,38.73
idlib,SY,1572727284,16.0,63,3.1,20,35.93,36.64
san,ML,1572727278,31.31,24,2.58,32,13.3,-4.9
yellowknife,CA,1572727039,-3.91,92,4.6,90,62.45,-114.38
jasidih,IN,1572727284,21.65,66,2.53,74,24.51,86.65
havelock,US,1572727284,17.75,63,2.1,90,34.88,-76.9
mehamn,NO,1572727285,-6.86,81,4.0,4,71.03,27.85
namwala,ZM,1572727285,25.01,37,3.99,39,-15.75,26.45
rawson,AR,1572727285,14.99,50,4.35,0,-43.3,-65.11
meulaboh,ID,1572727285,25.94,77,2.8,99,4.14,96.13
clyde river,CA,1572727285,-5.0,53,3.6,20,70.47,-68.59
puerto ayora,EC,1572727285,24.34,57,9.3,20,-0.74,-90.35
ust-kuyga,RU,1572727285,-22.69,100,3.11,96,70.0,135.55
atar,MR,1572727285,26.37,20,3.78,0,20.52,-13.05
mahajanga,MG,1572727285,28.0,74,4.1,40,-15.72,46.32
coolum beach,AU,1572727285,20.56,96,0.45,5,-26.53,153.09
salamiyah,SY,1572727285,16.82,75,0.63,23,35.01,37.05
guisa,CU,1572727285,32.0,49,3.6,20,20.25,-76.54
seguela,CI,1572727285,24.21,86,0.6,22,7.96,-6.67
itarema,BR,1572727286,25.56,75,4.66,22,-2.92,-39.92
lagoa,PT,1572727286,18.45,93,6.2,75,37.14,-8.45
cedeno,CO,1572727286,30.04,55,1.24,12,7.05,-72.16
broome,GB,1572727286,10.53,93,5.1,40,52.47,1.45
kruisfontein,ZA,1572727286,15.44,76,7.3,0,-34.0,24.73
batagay-alyta,RU,1572727286,-21.49,83,2.17,90,67.8,130.41
gat,SN,1572727286,27.0,54,4.1,6,14.69,-16.54
nanortalik,GL,1572727286,0.52,67,4.56,0,60.14,-45.24
college,US,1572727286,-7.23,92,0.44,90,64.86,-147.8
narsaq,GL,1572727286,-1.0,58,1.5,20,60.91,-46.05
ambatofinandrahana,MG,1572727286,13.85,85,2.89,73,-20.55,46.8
chivay,PE,1572727286,12.68,28,2.75,23,-15.64,-71.6
druzhba,UA,1572727286,3.63,59,8.0,100,52.05,33.94
coahuayana,MX,1572727287,30.17,58,0.77,0,18.62,-100.35
samarai,PG,1572727287,24.66,90,2.23,100,-10.62,150.67
mikhaylovka,RU,1572727287,1.44,91,1.08,17,52.96,103.29
verkhnevilyuysk,RU,1572727287,-3.2,89,4.35,100,63.45,120.31
puerto escondido,MX,1572727287,32.0,59,3.1,40,15.86,-97.07
kalabo,ZM,1572727287,25.07,42,2.47,0,-15.0,22.67
port augusta,AU,1572727287,12.79,87,3.6,69,-32.49,137.76
karabuk,TR,1572727287,2.67,64,2.54,71,41.2,32.63
gorontalo,ID,1572727287,23.2,88,0.86,35,0.54,123.06
vangaindrano,MG,1572727287,18.36,93,0.29,63,-23.35,47.6
piacabucu,BR,1572727287,25.38,76,4.17,60,-10.41,-36.43
airai,TL,1572727287,18.18,55,1.58,0,-8.93,125.41
nikolskoye,RU,1572727287,2.13,86,5.0,90,59.7,30.79
avera,US,1572727287,18.18,36,4.1,1,33.19,-82.53
karachi,PK,1572727288,26.0,47,0.5,4,24.87,67.03
jamestown,AU,1572727039,13.68,49,0.97,59,-33.21,138.6
liloan,PH,1572727288,27.54,77,3.53,100,9.42,123.31
uige,AO,1572727288,20.46,92,0.61,96,-7.61,15.06
yar-sale,RU,1572727288,-14.9,84,3.21,34,66.83,70.83
guerrero negro,MX,1572727288,29.58,14,2.68,100,27.97,-114.04
capelinha,BR,1572727288,20.17,91,3.07,100,-17.69,-42.52
saint-augustin,CA,1572727288,6.23,60,2.1,75,45.63,-73.98
port alfred,ZA,1572727288,17.22,87,1.34,15,-33.59,26.89
tinskoy,RU,1572727288,-1.99,85,2.96,100,56.15,96.92
sisophon,KH,1572727288,22.88,93,2.03,100,13.59,102.97
alice springs,AU,1572727288,24.0,41,9.8,40,-23.7,133.88
saldanha,PT,1572727288,11.88,83,8.36,100,41.42,-6.55
ankazoabo,MG,1572727289,18.92,65,1.15,0,-22.29,44.51
grants,US,1572727289,16.0,10,3.88,1,35.15,-107.85
norman wells,CA,1572727289,-8.0,92,3.1,75,65.28,-126.83
camacha,PT,1572727289,22.0,83,7.2,40,33.08,-16.33
chapais,CA,1572727289,-2.0,92,3.6,90,49.78,-74.86
ankang,CN,1572727289,10.26,87,1.02,0,32.73,108.99
derzhavinsk,KZ,1572727289,-1.7,62,2.55,96,51.1,66.31
dudinka,RU,1572727289,-23.16,96,4.67,100,69.41,86.18
thompson,CA,1572727289,-3.0,86,2.6,90,55.74,-97.86
oistins,BB,1572727289,28.0,69,2.1,40,13.07,-59.53
palmer,AU,1572727289,14.44,72,4.6,20,-34.85,139.16
tongliao,CN,1572727290,-3.7,44,3.9,0,43.61,122.27
hithadhoo,MV,1572727290,27.62,68,1.53,0,-0.6,73.08
chokurdakh,RU,1572727290,-14.72,95,3.9,100,70.62,147.9
tuy hoa,VN,1572727290,25.55,91,7.08,100,13.08,109.3
innisfail,AU,1572727290,17.78,96,0.45,40,-17.52,146.03
youghal,IE,1572727290,8.77,87,7.2,75,51.95,-7.85
ashland,US,1572727290,11.65,58,5.1,90,38.48,-82.64
ugoofaaru,MV,1572727048,28.26,66,1.57,41,5.67,73.0
margate,AU,1572727290,10.34,81,3.1,20,-43.03,147.26
komsomolskiy,RU,1572727290,-13.57,95,4.44,100,67.55,63.78
batemans bay,AU,1572727290,16.84,92,0.45,99,-35.71,150.18
yining,CN,1572727290,14.26,80,0.99,81,29.04,114.56
halifax,CA,1572727032,7.58,49,2.53,5,44.65,-63.58
san vicente,EC,1572727291,25.0,83,6.2,75,-0.59,-80.41
dunedin,NZ,1572727291,25.56,34,0.89,0,-45.87,170.5
bambous virieux,MU,1572727291,22.57,78,5.7,75,-20.34,57.76
okhotsk,RU,1572727291,-0.8,78,8.61,100,59.36,143.24
upernavik,GL,1572727291,-6.03,66,3.96,100,72.79,-56.15
mount isa,AU,1572727291,24.0,60,1.5,0,-20.73,139.49
comodoro rivadavia,AR,1572727238,22.0,28,7.7,3,-45.87,-67.48
mosquera,CO,1572727291,15.0,82,2.1,75,4.71,-74.23
batagay,RU,1572727291,-21.89,84,1.8,35,67.65,134.64
arman,RU,1572727291,2.64,91,13.99,100,59.7,150.17
kochevo,BG,1572727291,8.48,81,1.4,90,42.1,24.92
pangody,RU,1572727292,-13.97,96,4.92,100,65.85,74.49
saskylakh,RU,1572727292,-21.73,97,3.79,100,71.97,114.09
whitehorse,CA,1572727255,2.21,82,2.6,75,60.72,-135.06
kalmanhaza,HU,1572727292,9.0,100,1.0,100,47.88,21.58
matara,BI,1572727292,14.38,81,1.76,15,-3.48,29.48
gondar,PT,1572727292,15.05,87,6.2,90,41.82,-8.78
tilichiki,RU,1572727292,-4.54,94,3.39,92,60.47,166.1
riyadh,SA,1572727218,26.0,39,3.1,0,24.63,46.72
grand-lahou,CI,1572727292,27.29,80,5.92,99,5.24,-5.0
yaan,NG,1572727292,24.76,86,1.71,64,7.38,8.57
laguna,BZ,1572727292,29.0,70,3.1,75,16.17,-88.94
mombetsu,JP,1572727292,5.74,67,10.37,5,44.35,143.35
cidreira,BR,1572727293,21.48,93,2.79,98,-30.17,-50.22
jatiroto,ID,1572727293,23.03,91,1.11,100,-7.61,109.46
sao sebastiao,BR,1572727293,33.76,35,0.85,26,-3.15,-58.36
concarneau,FR,1572727293,10.69,93,2.6,75,47.88,-3.92
benguela,AO,1572727293,23.73,87,4.2,94,-12.58,13.4
abu zabad,SD,1572727293,27.08,25,4.63,0,12.35,29.25
pareora,NZ,1572727293,23.53,52,1.37,0,-44.49,171.21
tambacounda,SN,1572727293,29.0,66,3.1,100,13.77,-13.67
ilulissat,GL,1572727293,-6.0,62,2.1,20,69.22,-51.1
gazanjyk,TM,1572727293,13.51,84,5.76,28,39.24,55.52
guadalupe y calvo,MX,1572727293,20.08,55,1.67,87,26.09,-106.96
tuma,RU,1572727293,1.11,84,2.91,94,55.15,40.55
lakatoro,VU,1572727293,26.02,77,6.55,68,-16.11,167.42
nuuk,GL,1572727294,-1.07,74,2.1,75,64.17,-51.74
manavalakurichi,IN,1572727294,26.0,88,1.5,40,8.13,77.3
najran,SA,1572727294,21.0,32,1.89,20,17.54,44.22
hobyo,SO,1572727294,27.01,76,10.1,93,5.35,48.53
bubaque,GW,1572727294,28.18,73,5.24,89,11.28,-15.83
alofi,NU,1572727294,24.0,69,5.1,75,-19.06,-169.92
teguise,ES,1572727294,24.0,73,5.7,20,29.06,-13.56
huarmey,PE,1572727294,23.43,55,4.35,83,-10.07,-78.15
vestmannaeyjar,IS,1572727294,5.51,71,8.86,100,63.44,-20.27
funadhoo,MV,1572727294,28.08,66,1.13,0,6.15,73.27
davao,PH,1572727294,26.0,94,1.5,40,6.81,125.71
khandyga,RU,1572727294,-23.35,98,0.33,96,62.65,135.58
codrington,AU,1572727294,17.32,100,3.6,0,-28.95,153.24
mercedes,UY,1572727294,22.78,79,3.13,72,-33.25,-58.03
miraflores,PE,1572727295,20.0,30,6.2,20,-16.39,-71.52
gemena,CD,1572727295,21.78,97,0.68,92,3.25,19.78
bend,US,1572727282,14.17,20,1.2,1,44.06,-121.32
umba,RU,1572727295,-1.7,91,10.83,100,66.69,34.34
luderitz,NA,1572727072,20.0,49,4.1,0,-26.65,15.16
prainha,BR,1572727295,32.93,41,1.33,73,-1.8,-53.48
arraial do cabo,BR,1572727295,25.0,78,9.8,40,-22.97,-42.02
beringovskiy,RU,1572727295,-2.08,89,2.37,100,63.05,179.32
ishim,RU,1572727295,-6.75,83,4.0,24,56.11,69.47
baykit,RU,1572727295,-10.65,87,3.83,97,61.68,96.39
niimi,JP,1572727295,10.17,87,1.0,75,34.97,133.47
mahebourg,MU,1572727295,22.55,78,5.7,75,-20.41,57.7
sandnessjoen,NO,1572727296,0.0,76,2.6,18,66.02,12.63
nelson bay,AU,1572727296,20.61,77,0.5,5,-32.72,152.14
cumra,TR,1572727296,3.0,49,1.5,10,37.57,32.77
kropotkin,RU,1572727296,2.78,38,3.13,0,45.43,40.58
petropavlovsk-kamchatskiy,RU,1572727296,3.0,100,0.45,75,53.05,158.65
sur,OM,1572727296,25.58,74,1.15,82,22.57,59.53
northam,AU,1572727296,10.0,93,3.1,33,-31.65,116.67
zamoly,HU,1572727296,8.83,100,0.5,90,47.32,18.41
kieta,PG,1572727296,25.76,90,4.16,100,-6.22,155.63
rawlins,US,1572727296,3.35,37,5.7,20,41.79,-107.24
chingola,ZM,1572727297,20.23,58,2.17,59,-12.55,27.86
tadine,NC,1572727297,21.58,71,7.01,100,-21.55,167.88
khuzdar,PK,1572727297,16.03,68,0.7,0,27.8,66.62
bom jesus,BR,1572727000,30.28,41,1.49,100,-9.08,-44.36
talbahat,IN,1572727297,24.2,67,2.53,100,25.05,78.43
sibu,MY,1572727297,23.93,94,0.88,75,2.29,111.83
kamaishi,JP,1572727297,9.25,74,3.18,100,39.28,141.86
cam ranh,VN,1572727297,25.0,100,1.0,75,11.92,109.15
kahului,US,1572727297,26.89,65,4.1,20,20.89,-156.47
roebourne,AU,1572727297,21.89,17,8.15,12,-20.77,117.15
soria,ES,1572727298,10.56,84,0.89,100,41.76,-2.46
umkomaas,ZA,1572727298,18.8,81,6.1,0,-30.21,30.8
sandwick,GB,1572727298,6.25,100,1.5,96,54.57,-2.89
kamen-rybolov,RU,1572727298,-2.34,48,1.87,0,44.75,132.04
coquimbo,CL,1572727298,17.0,67,6.7,95,-29.95,-71.34
bereda,ES,1572727298,13.62,82,6.2,20,43.27,-7.54
turukhansk,RU,1572727298,-14.57,96,3.52,100,65.8,87.96
tromso,NO,1572727298,-3.97,92,7.7,75,69.65,18.96
bathsheba,BB,1572727298,28.0,69,2.1,40,13.22,-59.52
spencer,US,1572727298,8.98,39,3.6,1,42.24,-71.99
kununurra,AU,1572727298,26.0,88,3.1,20,-15.77,128.74
aras,ES,1572727299,14.98,77,2.1,20,42.56,-2.36
nong khai,TH,1572727299,21.67,94,0.64,33,17.88,102.75
chicama,PE,1572727299,19.0,77,5.7,40,-7.84,-79.15
faya,SA,1572727299,17.03,82,1.56,1,18.39,42.45
qianan,CN,1572727299,-3.69,47,2.9,0,44.99,124.06
victoria,BN,1572727299,25.0,88,0.5,75,5.28,115.24
quesnel,CA,1572727299,5.0,93,1.0,90,52.98,-122.49
lensk,RU,1572727299,1.48,90,7.16,100,60.71,114.91
constitucion,MX,1572727299,24.2,29,3.1,75,23.99,-104.67
broken hill,AU,1572727299,16.0,87,2.1,40,-31.97,141.45
carutapera,BR,1572727299,27.42,79,7.45,58,-1.2,-46.02
bani walid,LY,1572727300,18.11,71,1.39,0,31.76,14.0
kaniama,CD,1572727300,18.9,89,0.9,33,-7.57,24.18
san ramon,NI,1572727300,25.0,73,8.2,40,12.92,-85.84
cruzeiro do sul,BR,1572727300,32.63,48,0.57,46,-7.63,-72.67
nagua,DO,1572727300,29.54,79,4.1,40,19.37,-69.85
langsa,ID,1572727300,23.59,90,0.77,100,4.47,97.97
soyo,AO,1572727300,27.0,88,3.1,40,-6.13,12.37
sarahan,IN,1572727300,1.02,63,1.2,82,31.51,77.79
ambilobe,MG,1572727300,23.66,84,2.68,87,-13.19,49.05
presque isle,US,1572727300,3.94,55,1.98,1,46.68,-68.02
saint george,GR,1572727300,12.0,87,0.87,20,39.45,22.34
dingle,PH,1572727300,23.57,91,1.17,100,11.0,122.67
los llanos de aridane,ES,1572727300,23.97,88,5.1,100,28.66,-17.92
kamenka,MD,1572727300,8.33,78,1.79,100,48.03,28.7
maicao,CO,1572727301,29.6,66,5.06,100,11.38,-72.24
maniitsoq,GL,1572727301,-1.29,52,2.06,3,65.42,-52.9
yanam,IN,1572727301,23.79,89,0.99,100,16.73,82.22
chuy,UY,1572727301,21.75,96,1.39,100,-33.69,-53.46
louveira,BR,1572727045,29.35,20,2.6,0,-23.09,-46.95
esperance,AU,1572727301,11.0,87,3.6,75,-33.86,121.89
sao filipe,CV,1572727301,25.26,74,6.05,0,14.9,-24.5
tiznit,MA,1572727301,19.8,45,1.93,51,29.7,-9.73
malpe,IN,1572727301,25.0,88,1.5,20,13.35,74.72
cefalu,IT,1572727301,15.44,82,3.4,9,38.04,14.02
salalah,OM,1572727301,28.0,83,2.1,75,17.01,54.1
shihezi,CN,1572727301,12.18,54,3.85,100,44.3,86.03
fort nelson,CA,1572727301,2.0,100,3.1,90,58.81,-122.69
caravelas,BR,1572727302,22.6,79,2.82,0,-17.73,-39.27
sibolga,ID,1572727302,20.84,98,0.74,100,1.74,98.78
wanning,AT,1572727302,6.97,93,2.1,20,48.64,13.53
razlog,BG,1572727302,5.07,66,1.79,21,41.89,23.47
aklavik,CA,1572727302,-3.0,79,4.6,40,68.22,-135.01
zhangjiakou,CN,1572727302,5.25,92,0.59,99,40.77,114.88
moose factory,CA,1572727302,0.0,87,4.1,90,51.26,-80.61
sitka,US,1572727302,12.7,25,4.47,0,37.17,-99.65
katsuura,JP,1572727302,12.0,87,3.1,75,33.93,134.5
riverton,US,1572727302,4.27,47,2.6,1,43.02,-108.38
deputatskiy,RU,1572727302,-21.32,98,1.28,0,69.3,139.9
isangel,VU,1572727302,25.0,69,5.1,75,-19.55,169.27
excelsior springs,US,1572727302,10.59,32,4.6,1,39.34,-94.23
avallon,FR,1572727302,10.73,90,9.12,100,47.49,3.91
mehran,IR,1572727303,10.0,81,2.1,0,33.12,46.17
madang,CN,1572727303,2.75,33,1.88,0,35.32,102.79
ceyhan,TR,1572727303,14.03,66,1.5,77,37.03,35.82
uglovka,RU,1572727303,1.23,85,5.11,100,58.24,33.51
cockburn town,TC,1572727303,27.26,76,7.64,0,21.46,-71.14
sorong,ID,1572727303,22.19,99,0.82,94,-0.86,131.25
ribeira grande,PT,1572727303,18.0,72,4.1,40,38.52,-28.7
port hardy,CA,1572727303,11.0,93,1.0,75,50.7,-127.42
ife,NG,1572727303,22.81,97,0.84,100,7.48,4.55
ancud,CL,1572727303,13.0,62,5.1,75,-41.87,-73.83
andover,US,1572727303,1.25,55,3.6,90,45.23,-93.29
vila franca do campo,PT,1572727303,18.0,72,2.6,20,37.72,-25.43
chaman,AF,1572727303,14.5,50,1.97,0,30.92,66.46
floresta,BR,1572727304,29.66,41,8.21,34,-8.6,-38.57
seminole,US,1572727276,13.35,28,2.1,1,32.72,-102.64
lasa,CY,1572727304,17.38,77,3.6,20,34.92,32.53
gillette,US,1572727304,5.4,48,7.7,90,44.29,-105.5
egvekinot,RU,1572727280,-14.38,91,0.66,31,66.32,-179.17
loudi,CN,1572727304,15.37,81,0.25,86,27.73,112.0
gornopravdinsk,RU,1572727304,-9.14,93,2.36,91,60.06,69.92
hirara,JP,1572727304,25.6,85,6.67,71,24.8,125.28
ontario,US,1572727304,26.71,2,2.6,1,34.07,-117.65
porto novo,BR,1572727304,28.0,58,6.7,40,-23.68,-45.44
fortuna,US,1572727304,17.83,34,2.1,1,40.6,-124.16
patos de minas,BR,1572727304,27.22,63,1.62,100,-18.6,-46.51
dutlwe,BW,1572727304,24.57,46,1.08,89,-23.98,23.93
buchanan,LR,1572727305,23.0,94,1.65,75,5.88,-10.05
oyama,JP,1572727305,13.97,49,1.29,98,36.31,139.8
genc,TR,1572727305,7.17,53,2.89,2,38.75,40.56
brae,GB,1572727305,8.0,75,13.9,100,60.4,-1.35
thai nguyen,VN,1572727305,21.0,100,3.1,75,21.59,105.84
thunder bay,CA,1572727253,1.95,64,5.7,90,48.41,-89.26
alta floresta,BR,1572727305,25.97,76,2.01,99,-9.87,-56.08
port-gentil,GA,1572727305,25.0,94,2.25,40,-0.72,8.78
saint-pierre,FR,1572727305,10.58,93,8.7,75,48.95,4.24
yankton,US,1572727305,10.0,36,6.7,1,42.87,-97.4
yulara,AU,1572727305,20.0,24,8.2,0,-25.24,130.99
zapolyarnyy,RU,1572727305,-6.0,100,5.7,100,69.43,30.82
koslan,RU,1572727305,-8.69,95,1.24,7,63.46,48.9
talas,KG,1572727306,3.98,87,0.34,100,42.52,72.24
kogon,UZ,1572727306,10.58,93,1.0,62,39.73,64.54
marsa matruh,EG,1572727306,22.0,46,2.1,20,31.35,27.25
songkhla,TH,1572727306,24.0,100,1.5,75,7.2,100.6
linqiong,CN,1572727306,16.0,93,0.79,0,30.42,103.46
kaihua,CN,1572727306,15.18,73,0.38,100,29.14,118.41
sault sainte marie,CA,1572727306,4.0,69,3.6,90,46.49,-84.36
taree,AU,1572727306,19.02,72,3.6,0,-31.91,152.46
iclanzel,RO,1572727306,6.36,87,2.1,100,46.53,24.28
tura,RU,1572727306,-9.29,82,7.87,100,64.27,100.22
deder,ET,1572727306,18.85,40,3.34,7,9.31,41.44
vanimo,PG,1572727306,28.07,75,2.37,94,-2.67,141.3
tarko-sale,RU,1572727306,-16.67,86,6.31,100,64.92,77.78
krutinka,RU,1572727307,-5.14,75,4.83,5,56.01,71.51
longyearbyen,NO,1572727307,-8.0,52,7.7,20,78.22,15.63
bahia honda,CU,1572727307,27.48,79,4.52,4,22.9,-83.16
karratha,AU,1572727307,25.29,42,11.91,2,-20.74,116.85
ambulu,ID,1572727307,25.95,82,4.84,83,-8.35,113.61
kamakwie,SL,1572727307,22.22,91,1.27,100,9.5,-12.24
gimli,CA,1572727307,1.67,78,2.24,68,50.63,-96.99
peniche,PT,1572727307,16.75,93,3.1,75,39.36,-9.38
kathmandu,NP,1572727056,15.0,93,1.5,20,27.71,85.32
qitaihe,CN,1572727307,-4.58,55,5.47,0,45.77,131.01
haines junction,CA,1572727307,0.0,99,1.96,100,60.75,-137.51
muslyumovo,RU,1572727307,-3.01,90,4.82,93,55.31,53.19
gouyave,GD,1572727307,30.0,74,5.1,20,12.16,-61.73
yumen,CN,1572727307,5.16,29,4.67,0,40.29,97.04
solnechnyy,RU,1572727308,-2.29,59,0.22,100,50.72,136.64
pochutla,MX,1572727308,32.25,62,3.1,20,15.74,-96.47
pilot butte,CA,1572727308,3.11,69,5.7,90,50.48,-104.42
angoche,MZ,1572727308,24.54,87,2.88,14,-16.23,39.91
awjilah,LY,1572727308,18.73,68,3.2,0,29.14,21.3
pahrump,US,1572727308,20.55,5,0.75,1,36.21,-115.98
maningrida,AU,1572727308,25.29,82,1.1,95,-12.05,134.23
kudahuvadhoo,MV,1572727308,27.87,70,0.57,68,2.67,72.89
assare,BR,1572727308,31.91,25,2.82,89,-6.87,-39.88
florianopolis,BR,1572727261,24.18,83,7.7,20,-27.6,-48.55
faanui,PF,1572727308,27.26,78,4.96,38,-16.48,-151.75
nouadhibou,MR,1572727308,22.0,73,5.7,0,20.93,-17.03
listvyagi,RU,1572727309,-2.92,76,2.79,44,53.68,86.95
west fargo,US,1572727108,2.33,59,3.6,90,46.88,-96.9
cordoba,AR,1572727309,24.17,40,12.1,1,-27.78,-67.24
hasaki,JP,1572727309,10.12,93,2.1,40,35.73,140.83
garowe,SO,1572727019,27.57,61,5.43,38,8.41,48.48
duldurga,RU,1572727309,-6.53,69,0.71,0,50.67,113.59
phalodi,IN,1572727309,25.5,44,2.57,0,27.13,72.36
atherton,AU,1572727309,21.46,78,2.6,75,-17.27,145.48
tautira,PF,1572727309,30.0,70,8.7,75,-17.73,-149.15
lavrentiya,RU,1572727309,-4.3,84,2.65,67,65.58,-170.99
port blair,IN,1572727309,27.92,72,2.58,0,11.67,92.75
ambon,FR,1572727309,11.24,93,2.1,75,47.55,-2.56
portland,US,1572727309,6.92,62,2.6,90,43.66,-70.25
havre-saint-pierre,CA,1572727309,4.0,60,1.0,75,50.23,-63.6
cabra,ES,1572727310,17.45,77,5.1,65,37.47,-4.43
sumbe,AO,1572727310,24.39,87,1.57,99,-11.2,13.84
tiksi,RU,1572727310,-19.81,84,2.19,22,71.64,128.87
gejiu,CN,1572727310,12.22,96,0.89,48,23.36,103.16
marietta,US,1572727288,14.12,35,2.6,1,33.95,-84.55
dicabisagan,PH,1572727310,25.28,85,2.97,68,17.08,122.42
allapalli,IN,1572727310,20.39,88,0.66,92,19.43,80.06
huilong,CN,1572727310,14.6,91,0.55,0,31.15,106.5
baiyin,CN,1572727310,0.0,54,3.0,0,36.55,104.13
gallup,US,1572727310,16.17,9,3.1,1,35.53,-108.74
serenje,ZM,1572727310,18.22,73,2.26,0,-13.23,30.22
bagamoyo,MZ,1572727310,23.94,83,4.6,40,-25.89,32.56
puerto rondon,CO,1572727310,29.64,77,1.45,0,6.28,-71.1
zambezi,ZM,1572727311,22.7,41,1.82,2,-13.55,23.12
caconda,AO,1572727311,21.79,53,1.2,70,-13.73,15.06
canto do buriti,BR,1572727311,31.58,34,2.21,97,-8.11,-42.94
san juan,AR,1572727311,25.13,14,7.86,0,-31.54,-68.53
tuatapere,NZ,1572727311,19.1,45,2.77,0,-46.13,167.69
veraval,FR,1572727311,10.44,81,9.3,90,49.65,0.71
canmore,CA,1572727154,7.73,34,6.2,75,51.09,-115.35
isla mujeres,MX,1572727311,30.0,66,3.1,75,21.23,-86.73
scarborough,GB,1572727311,8.23,93,2.6,100,54.28,-0.41
richards bay,ZA,1572727311,23.66,80,5.76,0,-28.77,32.06
usinsk,RU,1572727311,-15.72,98,2.48,63,66.0,57.56
surt,LY,1572727311,20.24,64,2.31,0,31.21,16.59
dera ghazi khan,PK,1572727312,22.39,51,1.93,0,30.03,70.64
jaguaruana,BR,1572727312,26.33,70,4.79,54,-4.83,-37.78
campos,PT,1572727312,14.74,87,6.2,90,41.97,-8.7
empalme,MX,1572727312,30.27,37,5.1,40,27.96,-110.81
jaen,PE,1572727312,21.84,77,1.57,97,-5.71,-78.81
itaparica,BR,1572727312,26.0,83,7.7,75,-12.89,-38.68
san juancito,AR,1572727312,36.0,28,3.6,20,-24.38,-64.99
kungurtug,RU,1572727312,-0.23,62,1.9,22,50.6,97.53
shahreza,IR,1572727312,7.55,29,0.88,0,32.01,51.87
wadi musa,JO,1572727312,14.53,57,0.92,99,30.32,35.48
nokaneng,BW,1572727312,24.46,58,2.64,34,-19.66,22.19
rocha,UY,1572727312,18.6,80,5.04,100,-34.48,-54.34
juneau,US,1572727313,7.79,100,2.64,90,58.3,-134.42
gladstone,AU,1572727313,22.12,83,2.1,90,-23.84,151.26
san policarpo,PH,1572727313,25.62,85,1.92,45,12.18,125.51
maldonado,UY,1572727313,20.0,88,4.6,90,-34.91,-54.96
mbandaka,CD,1572727313,22.63,94,0.03,100,0.05,18.26
parakou,BJ,1572727313,24.08,80,2.81,100,9.34,2.63
de aar,ZA,1572727313,14.3,21,1.14,42,-30.65,24.01
santiago,PH,1572727079,22.16,98,0.36,100,16.69,121.54
periyanayakkanpalaiyam,IN,1572727313,25.0,94,1.32,20,11.15,76.93
manaure,CO,1572727313,30.0,74,5.1,75,11.78,-72.45
cabo san lucas,MX,1572727232,29.93,38,4.1,5,22.89,-109.91
poronaysk,RU,1572727313,1.32,66,8.53,82,49.22,143.1
xining,CN,1572727314,0.84,41,1.55,0,36.62,101.77
adre,TD,1572727314,24.29,22,4.34,17,13.47,22.2
ossora,RU,1572727314,3.13,85,7.74,100,59.24,163.07
leticia,CO,1572727314,31.5,59,1.5,40,-4.21,-69.94
hofn,IS,1572727314,4.46,89,14.52,100,64.25,-15.21
natal,BR,1572727314,27.0,69,6.2,20,-5.81,-35.21
muros,ES,1572727314,14.44,100,5.7,75,42.77,-9.06
shymkent,KZ,1572727314,9.0,93,3.0,100,42.31,69.59
baracoa,CU,1572727314,27.56,72,3.56,35,20.35,-74.5
vaitape,PF,1572727314,27.26,78,4.96,38,-16.52,-151.75
santa barbara,US,1572727070,25.49,5,2.95,1,34.42,-119.7
kedrovyy,RU,1572727314,-3.0,63,3.0,100,56.17,91.82
merauke,ID,1572727314,24.77,77,2.72,96,-8.49,140.4
miri,NG,1572727314,25.39,38,0.67,83,10.31,9.75
flinders,AU,1572727315,18.71,82,0.5,40,-34.58,150.85
leshukonskoye,RU,1572727315,-8.6,94,2.2,77,64.9,45.76
pontianak,ID,1572727315,23.45,93,0.43,100,-0.02,109.34
bambanglipuro,ID,1572727315,23.18,89,2.97,93,-7.95,110.28
kushima,JP,1572727315,20.81,76,1.14,92,31.5,131.29
athni,IN,1572727315,21.17,90,1.64,54,16.73,75.07
nyurba,RU,1572727315,0.07,89,5.17,100,63.29,118.35
nizhniy odes,RU,1572727315,-8.02,95,1.16,84,63.64,54.86
boende,CD,1572727316,21.41,96,1.32,100,-0.28,20.88
pangoa,PE,1572727316,31.15,50,1.7,22,-12.12,-73.0
novoagansk,RU,1572727316,-15.23,93,4.77,90,61.94,76.66
hovd,NO,1572727316,0.71,100,1.0,20,63.83,10.7
mananjary,MG,1572727316,14.98,79,5.4,72,-19.16,46.8
mahasamund,IN,1572727316,21.06,73,0.67,33,21.11,82.1
nishihara,JP,1572727316,13.19,93,1.5,40,35.74,139.53
pokhara,NP,1572727316,15.6,86,1.42,0,28.21,83.99
pinheiro machado,BR,1572727316,19.76,4,1.79,100,-31.58,-53.38
marawi,PH,1572727316,24.44,93,1.79,63,8.0,124.29
baruun-urt,MN,1572727316,-3.1,38,2.36,0,46.68,113.28
beloha,MG,1572727316,19.08,76,6.29,53,-25.17,45.06
sola,TZ,1572727316,23.2,41,3.04,64,-3.17,33.8
celestun,MX,1572727316,26.27,84,11.29,65,20.87,-90.4
rockhampton,AU,1572727316,22.0,83,3.59,90,-23.38,150.51
dukat,AL,1572727317,17.22,93,1.34,100,40.25,19.57
saint-francois,FR,1572727317,12.2,82,2.1,100,46.42,3.91
ishigaki,JP,1572727317,25.35,86,7.24,79,24.34,124.16
paamiut,GL,1572727317,1.06,55,2.65,47,61.99,-49.67
dawson creek,CA,1572727317,7.0,70,4.6,40,55.76,-120.23
vao,EE,1572727317,3.45,94,4.77,100,59.1,26.19
teya,MX,1572727317,28.02,74,5.1,75,21.05,-89.07
elmira,US,1572727317,7.54,39,5.1,20,42.09,-76.81
butia,BR,1572727317,27.78,50,1.79,32,-21.88,-47.57
sampit,ID,1572727317,23.6,95,0.36,100,-2.54,112.95
salobrena,ES,1572727317,15.84,77,5.7,40,36.74,-3.59
salinopolis,BR,1572727317,27.38,81,8.35,29,-0.61,-47.36
pisco,PE,1572727317,21.2,30,9.8,37,-13.71,-76.2
kunya,NG,1572727317,28.22,29,2.29,100,12.22,8.53
inongo,CD,1572727318,21.6,95,0.58,27,-1.93,18.29
mezhdurechenskiy,RU,1572727318,-6.41,94,3.05,91,59.59,65.91
kokopo,PG,1572727318,26.06,91,7.88,100,-4.34,152.27
bagdarin,RU,1572727318,-10.49,86,0.55,20,54.44,113.59
makakilo city,US,1572727318,27.8,74,2.1,20,21.35,-158.09
lazo,RU,1572727318,-3.48,54,4.3,0,45.88,133.65
mastic beach,US,1572727318,10.15,53,4.6,20,40.77,-72.85
eucaliptus,BO,1572727318,17.08,26,4.15,98,-17.6,-67.51
borovskoy,KZ,1572727318,-4.57,80,3.92,18,53.8,64.15
ongandjera,NA,1572727318,27.73,36,4.71,43,-17.88,15.07
lapua,FI,1572727318,1.74,100,2.1,90,62.97,23.01
